id,url
2021_3_1,https://wb2server.congreso.gob.pe/spley-portal-service//archivo/NTQ3MjQ=/pdf
2021_3_2,https://wb2server.congreso.gob.pe/spley-portal-service//archivo/MjAyNA==/pdf
2021_3_3,https://wb2server.congreso.gob.pe/spley-portal-service//archivo/NTQ3NjM=/pdf
2021_3_4,https://wb2server.congreso.gob.pe/spley-portal-service//archivo/MzkyNA==/pdf
2021_3_5,https://wb2server.congreso.gob.pe/spley-portal-service//archivo/NTQ2NDA=/pdf
2021_3_6,https://wb2server.congreso.gob.pe/spley-portal-service//archivo/MzkzMg==/pdf
2021_4_1,https://wb2server.congreso.gob.pe/spley-portal-service//archivo/NTQxMDM=/pdf
2021_4_2,https://wb2server.congreso.gob.pe/spley-portal-service//archivo/NTQxMDI=/pdf
2021_4_3,https://wb2server.congreso.gob.pe/spley-portal-service//archivo/MjU4MjY=/pdf
2021_5_1,https://wb2server.congreso.gob.pe/spley-portal-service//archivo/MjM2MTc=/pdf
2021_5_2,https://wb2server.congreso.gob.pe/spley-portal-service//archivo/MjM2MTY=/pdf
2021_5_3,https://wb2server.congreso.gob.pe/spley-portal-service//archivo/MjM2MTU=/pdf
2021_5_4,https://wb2server.congreso.gob.pe/spley-portal-service//archivo/MjM2MTQ=/pdf
2021_5_5,https://wb2server.congreso.gob.pe/spley-portal-service//archivo/MjM2MzQ=/pdf
2021_5_6,https://wb2server.congreso.gob.pe/spley-portal-service//archivo/MjM2MzU=/pdf
2021_6_1,https://wb2server.congreso.gob.pe/spley-portal-service//archivo/NTQ3MzM=/pdf
2021_6_2,https://wb2server.congreso.gob.pe/spley-portal-service//archivo/MjUyMzgw/pdf
2021_6_3,https://wb2server.congreso.gob.pe/spley-portal-service//archivo/NTQ3NzU=/pdf
2021_6_4,https://wb2server.congreso.gob.pe/spley-portal-service//archivo/MTYxMzk=/pdf
2021_6_5,https://wb2server.congreso.gob.pe/spley-portal-service//archivo/NTQ2NDM=/pdf
2021_6_6,https://wb2server.congreso.gob.pe/spley-portal-service//archivo/MTc5NTY0/pdf
2021_9_1,https://wb2server.congreso.gob.pe/spley-portal-service//archivo/NTg1MA==/pdf
2021_9_2,https://wb2server.congreso.gob.pe/spley-portal-service//archivo/MjAzMTk=/pdf
2021_9_3,https://wb2server.congreso.gob.pe/spley-portal-service//archivo/MjAzMzQ=/pdf
2021_10_1,https://wb2server.congreso.gob.pe/spley-portal-service//archivo/MzE4MTc=/pdf
2021_10_2,https://wb2server.congreso.gob.pe/spley-portal-service//archivo/MzE4Mjc=/pdf
2021_10_3,https://wb2server.congreso.gob.pe/spley-portal-service//archivo/MTQ1ODU0/pdf
2021_10_4,https://wb2server.congreso.gob.pe/spley-portal-service//archivo/MTQ1ODQ0/pdf
2021_10_5,https://wb2server.congreso.gob.pe/spley-portal-service//archivo/MTQ3NjI2/pdf
2021_10_6,https://wb2server.congreso.gob.pe/spley-portal-service//archivo/MTQ3NjM2/pdf
2021_10_7,https://wb2server.congreso.gob.pe/spley-portal-service//archivo/MTg4NTg3/pdf
2021_10_8,https://wb2server.congreso.gob.pe/spley-portal-service//archivo/MTg4NjM0/pdf
2021_10_9,https://wb2server.congreso.gob.pe/spley-portal-service//archivo/MTg4NjUx/pdf
2021_10_10,https://wb2server.congreso.gob.pe/spley-portal-service//archivo/MTk4OTIx/pdf
2021_10_11,https://wb2server.congreso.gob.pe/spley-portal-service//archivo/MjgzMTgw/pdf
2021_13_1,https://wb2server.congreso.gob.pe/spley-portal-service//archivo/MTU4OTQ=/pdf
2021_13_2,https://wb2server.congreso.gob.pe/spley-portal-service//archivo/NDk2MjY=/pdf
2021_13_3,https://wb2server.congreso.gob.pe/spley-portal-service//archivo/NDk1OTk=/pdf
2021_15_1,https://wb2server.congreso.gob.pe/spley-portal-service//archivo/MjAyNzk=/pdf
2021_15_2,https://wb2server.congreso.gob.pe/spley-portal-service//archivo/MjAyODA=/pdf
2021_17_1,https://wb2server.congreso.gob.pe/spley-portal-service//archivo/MTU4OTY=/pdf
2021_17_2,https://wb2server.congreso.gob.pe/spley-portal-service//archivo/NDk2MzA=/pdf
2021_17_3,https://wb2server.congreso.gob.pe/spley-portal-service//archivo/NDk2MDM=/pdf
2021_19_1,https://wb2server.congreso.gob.pe/spley-portal-service//archivo/NTQ3Mjk=/pdf
2021_19_2,https://wb2server.congreso.gob.pe/spley-portal-service//archivo/MjUyMzc2/pdf
2021_19_3,https://wb2server.congreso.gob.pe/spley-portal-service//archivo/NTQ3NzE=/pdf
2021_19_4,https://wb2server.congreso.gob.pe/spley-portal-service//archivo/MTYxMzc=/pdf
2021_19_5,https://wb2server.congreso.gob.pe/spley-portal-service//archivo/NTQ2NDE=/pdf
2021_19_6,https://wb2server.congreso.gob.pe/spley-portal-service//archivo/MTc5NTYy/pdf
2021_20_1,https://wb2server.congreso.gob.pe/spley-portal-service//archivo/MzYzOTI=/pdf
2021_20_2,https://wb2server.congreso.gob.pe/spley-portal-service//archivo/NTA5NzU=/pdf
2021_25_1,https://wb2server.congreso.gob.pe/spley-portal-service//archivo/NTg1MQ==/pdf
2021_25_2,https://wb2server.congreso.gob.pe/spley-portal-service//archivo/NTg1NA==/pdf
2021_28_1,https://wb2server.congreso.gob.pe/spley-portal-service//archivo/NDQ3Mw==/pdf
2021_29_1,https://wb2server.congreso.gob.pe/spley-portal-service//archivo/MjgxNjQz/pdf
2021_29_2,https://wb2server.congreso.gob.pe/spley-portal-service//archivo/MjkxMDc5/pdf
2021_30_1,https://wb2server.congreso.gob.pe/spley-portal-service//archivo/NTcwMg==/pdf
2021_30_2,https://wb2server.congreso.gob.pe/spley-portal-service//archivo/NTcwNg==/pdf
2021_31_1,https://wb2server.congreso.gob.pe/spley-portal-service//archivo/MTAzNzM0/pdf
2021_31_2,https://wb2server.congreso.gob.pe/spley-portal-service//archivo/MTAzNzI5/pdf
2021_31_3,https://wb2server.congreso.gob.pe/spley-portal-service//archivo/MTAzNzIz/pdf
2021_31_4,https://wb2server.congreso.gob.pe/spley-portal-service//archivo/ODMwOTI=/pdf
2021_31_5,https://wb2server.congreso.gob.pe/spley-portal-service//archivo/OTA0NjE=/pdf
2021_33_1,https://wb2server.congreso.gob.pe/spley-portal-service//archivo/NjYzNg==/pdf
2021_33_2,https://wb2server.congreso.gob.pe/spley-portal-service//archivo/NjYzNw==/pdf
2021_34_1,https://wb2server.congreso.gob.pe/spley-portal-service//archivo/NTkwMDY=/pdf
2021_34_2,https://wb2server.congreso.gob.pe/spley-portal-service//archivo/NTkwMDU=/pdf
2021_34_3,https://wb2server.congreso.gob.pe/spley-portal-service//archivo/MTM3NTE3/pdf
2021_35_1,https://wb2server.congreso.gob.pe/spley-portal-service//archivo/ODgyOQ==/pdf
2021_35_2,https://wb2server.congreso.gob.pe/spley-portal-service//archivo/ODgzMA==/pdf
2021_35_3,https://wb2server.congreso.gob.pe/spley-portal-service//archivo/MjQwMTI=/pdf
2021_35_4,https://wb2server.congreso.gob.pe/spley-portal-service//archivo/NTUzNDQ=/pdf
2021_36_1,https://wb2server.congreso.gob.pe/spley-portal-service//archivo/NTQ3MzE=/pdf
2021_36_2,https://wb2server.congreso.gob.pe/spley-portal-service//archivo/MjUyMzc4/pdf
2021_36_3,https://wb2server.congreso.gob.pe/spley-portal-service//archivo/NTQ3NzM=/pdf
2021_36_4,https://wb2server.congreso.gob.pe/spley-portal-service//archivo/MTYxMzg=/pdf
2021_36_5,https://wb2server.congreso.gob.pe/spley-portal-service//archivo/NTQ2NDI=/pdf
2021_36_6,https://wb2server.congreso.gob.pe/spley-portal-service//archivo/MTc5NTYz/pdf
2021_37_1,https://wb2server.congreso.gob.pe/spley-portal-service//archivo/MTcwMTQ=/pdf
2021_37_2,https://wb2server.congreso.gob.pe/spley-portal-service//archivo/OTY2NQ==/pdf
2021_37_3,https://wb2server.congreso.gob.pe/spley-portal-service//archivo/MTM4MDE=/pdf
2021_37_4,https://wb2server.congreso.gob.pe/spley-portal-service//archivo/MTYwMjc=/pdf
2021_37_5,https://wb2server.congreso.gob.pe/spley-portal-service//archivo/MjAzNzY=/pdf
2021_37_6,https://wb2server.congreso.gob.pe/spley-portal-service//archivo/MjAzODM=/pdf
2021_38_1,https://wb2server.congreso.gob.pe/spley-portal-service//archivo/NTczNDg=/pdf
2021_38_2,https://wb2server.congreso.gob.pe/spley-portal-service//archivo/NTczNTE=/pdf
2021_38_3,https://wb2server.congreso.gob.pe/spley-portal-service//archivo/MTM3NDA2/pdf
2021_39_1,https://wb2server.congreso.gob.pe/spley-portal-service//archivo/MTQxOTU=/pdf
2021_39_2,https://wb2server.congreso.gob.pe/spley-portal-service//archivo/MTQyMDI=/pdf
2021_42_1,https://wb2server.congreso.gob.pe/spley-portal-service//archivo/NTYzMDI=/pdf
2021_42_2,https://wb2server.congreso.gob.pe/spley-portal-service//archivo/NTYzMTU=/pdf
2021_43_1,https://wb2server.congreso.gob.pe/spley-portal-service//archivo/MTU3MTg0/pdf
2021_43_2,https://wb2server.congreso.gob.pe/spley-portal-service//archivo/MTU3MTc2/pdf
2021_43_3,https://wb2server.congreso.gob.pe/spley-portal-service//archivo/MTU3MTY3/pdf
2021_43_4,https://wb2server.congreso.gob.pe/spley-portal-service//archivo/MjM4OTky/pdf
2021_43_5,https://wb2server.congreso.gob.pe/spley-portal-service//archivo/MTc4MTk5/pdf
2021_44_1,https://wb2server.congreso.gob.pe/spley-portal-service//archivo/MTQyODEz/pdf
2021_46_1,https://wb2server.congreso.gob.pe/spley-portal-service//archivo/MjI5NjMz/pdf
2021_48_1,https://wb2server.congreso.gob.pe/spley-portal-service//archivo/MTcwMTU=/pdf
2021_48_2,https://wb2server.congreso.gob.pe/spley-portal-service//archivo/OTY2Ng==/pdf
2021_48_3,https://wb2server.congreso.gob.pe/spley-portal-service//archivo/MTM4MDI=/pdf
2021_48_4,https://wb2server.congreso.gob.pe/spley-portal-service//archivo/MTYwMjg=/pdf
2021_48_5,https://wb2server.congreso.gob.pe/spley-portal-service//archivo/MjAzNzc=/pdf
2021_48_6,https://wb2server.congreso.gob.pe/spley-portal-service//archivo/MjAzODQ=/pdf
2021_51_1,https://wb2server.congreso.gob.pe/spley-portal-service//archivo/MTcwMTc=/pdf
2021_51_2,https://wb2server.congreso.gob.pe/spley-portal-service//archivo/OTY2OA==/pdf
2021_51_3,https://wb2server.congreso.gob.pe/spley-portal-service//archivo/MTM4MDQ=/pdf
2021_51_4,https://wb2server.congreso.gob.pe/spley-portal-service//archivo/MTYwMzA=/pdf
2021_51_5,https://wb2server.congreso.gob.pe/spley-portal-service//archivo/MjAzNzk=/pdf
2021_51_6,https://wb2server.congreso.gob.pe/spley-portal-service//archivo/MjAzODY=/pdf
2021_52_1,https://wb2server.congreso.gob.pe/spley-portal-service//archivo/OTUxNzM=/pdf
2021_52_2,https://wb2server.congreso.gob.pe/spley-portal-service//archivo/OTkxOTQ=/pdf
2021_52_3,https://wb2server.congreso.gob.pe/spley-portal-service//archivo/MTIzNTA3/pdf
2021_54_1,https://wb2server.congreso.gob.pe/spley-portal-service//archivo/MjgxNjU3/pdf
2021_54_2,https://wb2server.congreso.gob.pe/spley-portal-service//archivo/MjkxMDkz/pdf
2021_55_1,https://wb2server.congreso.gob.pe/spley-portal-service//archivo/MTcwMTg=/pdf
2021_55_2,https://wb2server.congreso.gob.pe/spley-portal-service//archivo/OTY2OQ==/pdf
2021_55_3,https://wb2server.congreso.gob.pe/spley-portal-service//archivo/MTM4MDU=/pdf
2021_55_4,https://wb2server.congreso.gob.pe/spley-portal-service//archivo/MTYwMzE=/pdf
2021_55_5,https://wb2server.congreso.gob.pe/spley-portal-service//archivo/MjAzODA=/pdf
2021_55_6,https://wb2server.congreso.gob.pe/spley-portal-service//archivo/MjAzODc=/pdf
2021_56_1,https://wb2server.congreso.gob.pe/spley-portal-service//archivo/NDA2Mjg=/pdf
2021_57_1,https://wb2server.congreso.gob.pe/spley-portal-service//archivo/MTA1OTAz/pdf
2021_57_2,https://wb2server.congreso.gob.pe/spley-portal-service//archivo/MTA1ODk4/pdf
2021_64_1,https://wb2server.congreso.gob.pe/spley-portal-service//archivo/MTQzMzg=/pdf
2021_65_1,https://wb2server.congreso.gob.pe/spley-portal-service//archivo/MTIwODcx/pdf
2021_65_2,https://wb2server.congreso.gob.pe/spley-portal-service//archivo/OTkzMjc=/pdf
2021_65_3,https://wb2server.congreso.gob.pe/spley-portal-service//archivo/OTkzMzI=/pdf
2021_65_4,https://wb2server.congreso.gob.pe/spley-portal-service//archivo/OTkzMzc=/pdf
2021_68_1,https://wb2server.congreso.gob.pe/spley-portal-service//archivo/NTI4MjM=/pdf
2021_69_1,https://wb2server.congreso.gob.pe/spley-portal-service//archivo/Mjg2NjMx/pdf
2021_69_2,https://wb2server.congreso.gob.pe/spley-portal-service//archivo/Mjg2NjQ0/pdf
2021_70_1,https://wb2server.congreso.gob.pe/spley-portal-service//archivo/MTg4NzQ5/pdf
2021_70_2,https://wb2server.congreso.gob.pe/spley-portal-service//archivo/MTg4ODEz/pdf
2021_73_1,https://wb2server.congreso.gob.pe/spley-portal-service//archivo/NTU0MTU=/pdf
2021_74_1,https://wb2server.congreso.gob.pe/spley-portal-service//archivo/NDEzMjY=/pdf
2021_74_2,https://wb2server.congreso.gob.pe/spley-portal-service//archivo/NDEzMTg=/pdf
2021_74_3,https://wb2server.congreso.gob.pe/spley-portal-service//archivo/NzA1MDc=/pdf
2021_74_4,https://wb2server.congreso.gob.pe/spley-portal-service//archivo/NzQyOTg=/pdf
2021_75_1,https://wb2server.congreso.gob.pe/spley-portal-service//archivo/NjMwODI=/pdf
2021_75_2,https://wb2server.congreso.gob.pe/spley-portal-service//archivo/NjMwODE=/pdf
2021_75_3,https://wb2server.congreso.gob.pe/spley-portal-service//archivo/MjY5OTMy/pdf
2021_78_1,https://wb2server.congreso.gob.pe/spley-portal-service//archivo/NDQyMzY=/pdf
2021_78_2,https://wb2server.congreso.gob.pe/spley-portal-service//archivo/NTcyOTQ=/pdf
2021_78_3,https://wb2server.congreso.gob.pe/spley-portal-service//archivo/ODMwNzI=/pdf
2021_82_1,https://wb2server.congreso.gob.pe/spley-portal-service//archivo/NTE5Njg=/pdf
2021_83_1,https://wb2server.congreso.gob.pe/spley-portal-service//archivo/MjAyODM=/pdf
2021_83_2,https://wb2server.congreso.gob.pe/spley-portal-service//archivo/MjAyODQ=/pdf
2021_84_1,https://wb2server.congreso.gob.pe/spley-portal-service//archivo/NTE5NzI=/pdf
2021_90_1,https://wb2server.congreso.gob.pe/spley-portal-service//archivo/NTMyMzg=/pdf
2021_90_2,https://wb2server.congreso.gob.pe/spley-portal-service//archivo/NTMyMTE=/pdf
2021_92_1,https://wb2server.congreso.gob.pe/spley-portal-service//archivo/MjU4MjQ=/pdf
2021_92_2,https://wb2server.congreso.gob.pe/spley-portal-service//archivo/MjU4MjM=/pdf
2021_93_1,https://wb2server.congreso.gob.pe/spley-portal-service//archivo/MTU2OTAy/pdf
2021_93_2,https://wb2server.congreso.gob.pe/spley-portal-service//archivo/MTU2ODk4/pdf
2021_94_1,https://wb2server.congreso.gob.pe/spley-portal-service//archivo/MTM3ODM=/pdf
2021_94_2,https://wb2server.congreso.gob.pe/spley-portal-service//archivo/MjU1ODA=/pdf
2021_94_3,https://wb2server.congreso.gob.pe/spley-portal-service//archivo/MjU1ODQ=/pdf
2021_94_4,https://wb2server.congreso.gob.pe/spley-portal-service//archivo/MzE4MDE=/pdf
2021_94_5,https://wb2server.congreso.gob.pe/spley-portal-service//archivo/MzE4MDY=/pdf
2021_94_6,https://wb2server.congreso.gob.pe/spley-portal-service//archivo/NjgyNTI=/pdf
2021_94_7,https://wb2server.congreso.gob.pe/spley-portal-service//archivo/NjgyNTc=/pdf
2021_94_8,https://wb2server.congreso.gob.pe/spley-portal-service//archivo/NjgyNjc=/pdf
2021_97_1,https://wb2server.congreso.gob.pe/spley-portal-service//archivo/MTAzNzM4/pdf
2021_97_2,https://wb2server.congreso.gob.pe/spley-portal-service//archivo/MTAzNzMz/pdf
2021_97_3,https://wb2server.congreso.gob.pe/spley-portal-service//archivo/MTAzNzI3/pdf
2021_97_4,https://wb2server.congreso.gob.pe/spley-portal-service//archivo/MTAzNjI0/pdf
2021_97_5,https://wb2server.congreso.gob.pe/spley-portal-service//archivo/MTAzNjE1/pdf
2021_99_1,https://wb2server.congreso.gob.pe/spley-portal-service//archivo/NzMxNQ==/pdf
2021_100_1,https://wb2server.congreso.gob.pe/spley-portal-service//archivo/NzMwOQ==/pdf
2021_101_1,https://wb2server.congreso.gob.pe/spley-portal-service//archivo/NzMxNA==/pdf
2021_103_1,https://wb2server.congreso.gob.pe/spley-portal-service//archivo/NjYyOA==/pdf
2021_103_2,https://wb2server.congreso.gob.pe/spley-portal-service//archivo/NjYzMA==/pdf
2021_104_1,https://wb2server.congreso.gob.pe/spley-portal-service//archivo/MTY4Mjk=/pdf
2021_104_2,https://wb2server.congreso.gob.pe/spley-portal-service//archivo/NDcwMTc=/pdf
2021_106_1,https://wb2server.congreso.gob.pe/spley-portal-service//archivo/NTE4MDY=/pdf
2021_109_1,https://wb2server.congreso.gob.pe/spley-portal-service//archivo/MzAzMTA=/pdf
2021_109_2,https://wb2server.congreso.gob.pe/spley-portal-service//archivo/MzAzMTE=/pdf
2021_109_3,https://wb2server.congreso.gob.pe/spley-portal-service//archivo/NTQ2ODk=/pdf
2021_110_1,https://wb2server.congreso.gob.pe/spley-portal-service//archivo/NTc1MTQ=/pdf
2021_110_2,https://wb2server.congreso.gob.pe/spley-portal-service//archivo/NTc1MTE=/pdf
2021_111_1,https://wb2server.congreso.gob.pe/spley-portal-service//archivo/NTczODg=/pdf
2021_111_2,https://wb2server.congreso.gob.pe/spley-portal-service//archivo/NTczODk=/pdf
2021_113_1,https://wb2server.congreso.gob.pe/spley-portal-service//archivo/MjAzOA==/pdf
2021_113_2,https://wb2server.congreso.gob.pe/spley-portal-service//archivo/MjA0MQ==/pdf
2021_113_3,https://wb2server.congreso.gob.pe/spley-portal-service//archivo/MjA0NA==/pdf
2021_113_4,https://wb2server.congreso.gob.pe/spley-portal-service//archivo/MjA0Nw==/pdf
2021_113_5,https://wb2server.congreso.gob.pe/spley-portal-service//archivo/MjA2Mg==/pdf
2021_114_1,https://wb2server.congreso.gob.pe/spley-portal-service//archivo/ODgyMg==/pdf
2021_114_2,https://wb2server.congreso.gob.pe/spley-portal-service//archivo/ODgyMw==/pdf
2021_114_3,https://wb2server.congreso.gob.pe/spley-portal-service//archivo/NDA3NzQ=/pdf
2021_115_1,https://wb2server.congreso.gob.pe/spley-portal-service//archivo/MTIyOTA=/pdf
2021_115_2,https://wb2server.congreso.gob.pe/spley-portal-service//archivo/MTIyOTE=/pdf
2021_117_1,https://wb2server.congreso.gob.pe/spley-portal-service//archivo/Mjg1NzU5/pdf
2021_117_2,https://wb2server.congreso.gob.pe/spley-portal-service//archivo/Mjg1Nzc1/pdf
2021_118_1,https://wb2server.congreso.gob.pe/spley-portal-service//archivo/MTc4NDY0/pdf
2021_120_1,https://wb2server.congreso.gob.pe/spley-portal-service//archivo/NDY3NjU=/pdf
2021_120_2,https://wb2server.congreso.gob.pe/spley-portal-service//archivo/MjUxMzUx/pdf
2021_121_1,https://wb2server.congreso.gob.pe/spley-portal-service//archivo/NTg1Nw==/pdf
2021_121_2,https://wb2server.congreso.gob.pe/spley-portal-service//archivo/NTg1OA==/pdf
2021_122_1,https://wb2server.congreso.gob.pe/spley-portal-service//archivo/NTMxMTM=/pdf
2021_122_2,https://wb2server.congreso.gob.pe/spley-portal-service//archivo/MjUxMzU2/pdf
2021_123_1,https://wb2server.congreso.gob.pe/spley-portal-service//archivo/MjQ2NDg=/pdf
2021_123_2,https://wb2server.congreso.gob.pe/spley-portal-service//archivo/MjQ2NDc=/pdf
2021_127_1,https://wb2server.congreso.gob.pe/spley-portal-service//archivo/NTYyOTg=/pdf
2021_127_2,https://wb2server.congreso.gob.pe/spley-portal-service//archivo/NTYzMTE=/pdf
2021_128_1,https://wb2server.congreso.gob.pe/spley-portal-service//archivo/NTIwODc=/pdf
2021_128_2,https://wb2server.congreso.gob.pe/spley-portal-service//archivo/MjA0Mg==/pdf
2021_128_3,https://wb2server.congreso.gob.pe/spley-portal-service//archivo/NTQ1NTc=/pdf
2021_128_4,https://wb2server.congreso.gob.pe/spley-portal-service//archivo/MjA0OA==/pdf
2021_128_5,https://wb2server.congreso.gob.pe/spley-portal-service//archivo/NTQ1MDQ=/pdf
2021_129_1,https://wb2server.congreso.gob.pe/spley-portal-service//archivo/NTM2MTY=/pdf
2021_129_2,https://wb2server.congreso.gob.pe/spley-portal-service//archivo/NTM2MDc=/pdf
2021_129_3,https://wb2server.congreso.gob.pe/spley-portal-service//archivo/NTM1OTM=/pdf
2021_134_1,https://wb2server.congreso.gob.pe/spley-portal-service//archivo/NjQ2MTk=/pdf
2021_134_2,https://wb2server.congreso.gob.pe/spley-portal-service//archivo/NjQ2MTc=/pdf
2021_135_1,https://wb2server.congreso.gob.pe/spley-portal-service//archivo/MTYxNzk=/pdf
2021_135_2,https://wb2server.congreso.gob.pe/spley-portal-service//archivo/NTg1NQ==/pdf
2021_136_1,https://wb2server.congreso.gob.pe/spley-portal-service//archivo/NTIwODk=/pdf
2021_136_2,https://wb2server.congreso.gob.pe/spley-portal-service//archivo/MjA0Mw==/pdf
2021_136_3,https://wb2server.congreso.gob.pe/spley-portal-service//archivo/NTQ1NTk=/pdf
2021_136_4,https://wb2server.congreso.gob.pe/spley-portal-service//archivo/MjA0OQ==/pdf
2021_136_5,https://wb2server.congreso.gob.pe/spley-portal-service//archivo/NTQ1MDY=/pdf
2021_138_1,https://wb2server.congreso.gob.pe/spley-portal-service//archivo/NTUxODU=/pdf
2021_142_1,https://wb2server.congreso.gob.pe/spley-portal-service//archivo/MTQ1NzA2/pdf
2021_145_1,https://wb2server.congreso.gob.pe/spley-portal-service//archivo/MjcxNTU0/pdf
2021_146_1,https://wb2server.congreso.gob.pe/spley-portal-service//archivo/NjY0Mg==/pdf
2021_146_2,https://wb2server.congreso.gob.pe/spley-portal-service//archivo/NzUyMQ==/pdf
2021_146_3,https://wb2server.congreso.gob.pe/spley-portal-service//archivo/MTQzOTQ=/pdf
2021_147_1,https://wb2server.congreso.gob.pe/spley-portal-service//archivo/MTU4OTU=/pdf
2021_147_2,https://wb2server.congreso.gob.pe/spley-portal-service//archivo/NDk2Mjg=/pdf
2021_147_3,https://wb2server.congreso.gob.pe/spley-portal-service//archivo/NDk2MDE=/pdf
2021_148_1,https://wb2server.congreso.gob.pe/spley-portal-service//archivo/OTA0MjM=/pdf
2021_148_2,https://wb2server.congreso.gob.pe/spley-portal-service//archivo/OTA0MzI=/pdf
2021_148_3,https://wb2server.congreso.gob.pe/spley-portal-service//archivo/OTA0NDE=/pdf
2021_148_4,https://wb2server.congreso.gob.pe/spley-portal-service//archivo/MTM0ODk3/pdf
2021_149_1,https://wb2server.congreso.gob.pe/spley-portal-service//archivo/MjQ2MDI=/pdf
2021_149_2,https://wb2server.congreso.gob.pe/spley-portal-service//archivo/MjQ1OTc=/pdf
2021_149_3,https://wb2server.congreso.gob.pe/spley-portal-service//archivo/MjQ1OTU=/pdf
2021_149_4,https://wb2server.congreso.gob.pe/spley-portal-service//archivo/MTM4Mzc=/pdf
2021_150_1,https://wb2server.congreso.gob.pe/spley-portal-service//archivo/NDE0MTk=/pdf
2021_150_2,https://wb2server.congreso.gob.pe/spley-portal-service//archivo/NDE0MDk=/pdf
2021_150_3,https://wb2server.congreso.gob.pe/spley-portal-service//archivo/NDE0MDA=/pdf
2021_150_4,https://wb2server.congreso.gob.pe/spley-portal-service//archivo/NDEzOTA=/pdf
2021_150_5,https://wb2server.congreso.gob.pe/spley-portal-service//archivo/NDEzODE=/pdf
2021_150_6,https://wb2server.congreso.gob.pe/spley-portal-service//archivo/NzI2NTc=/pdf
2021_150_7,https://wb2server.congreso.gob.pe/spley-portal-service//archivo/NzI2NDg=/pdf
2021_150_8,https://wb2server.congreso.gob.pe/spley-portal-service//archivo/NzI2Mzk=/pdf
2021_151_1,https://wb2server.congreso.gob.pe/spley-portal-service//archivo/MjU5Nzk=/pdf
2021_151_2,https://wb2server.congreso.gob.pe/spley-portal-service//archivo/MjU5Nzg=/pdf
2021_153_1,https://wb2server.congreso.gob.pe/spley-portal-service//archivo/MzQ0MTM=/pdf
2021_153_2,https://wb2server.congreso.gob.pe/spley-portal-service//archivo/MzQzNzc=/pdf
2021_154_1,https://wb2server.congreso.gob.pe/spley-portal-service//archivo/NTUzMzA=/pdf
2021_154_2,https://wb2server.congreso.gob.pe/spley-portal-service//archivo/NTUzMjk=/pdf
2021_154_3,https://wb2server.congreso.gob.pe/spley-portal-service//archivo/NTUzMjg=/pdf
2021_155_1,https://wb2server.congreso.gob.pe/spley-portal-service//archivo/OTY4OA==/pdf
2021_155_2,https://wb2server.congreso.gob.pe/spley-portal-service//archivo/OTY3Ng==/pdf
2021_155_3,https://wb2server.congreso.gob.pe/spley-portal-service//archivo/OTY4Mg==/pdf
2021_156_1,https://wb2server.congreso.gob.pe/spley-portal-service//archivo/NzMyOA==/pdf
2021_156_2,https://wb2server.congreso.gob.pe/spley-portal-service//archivo/NjYzNQ==/pdf
2021_157_1,https://wb2server.congreso.gob.pe/spley-portal-service//archivo/NTM1NTY=/pdf
2021_157_2,https://wb2server.congreso.gob.pe/spley-portal-service//archivo/NTM1NTU=/pdf
2021_157_3,https://wb2server.congreso.gob.pe/spley-portal-service//archivo/MjQ2MTQ=/pdf
2021_158_1,https://wb2server.congreso.gob.pe/spley-portal-service//archivo/MjAzNDg=/pdf
2021_158_2,https://wb2server.congreso.gob.pe/spley-portal-service//archivo/MjAzNDk=/pdf
2021_159_1,https://wb2server.congreso.gob.pe/spley-portal-service//archivo/OTYzMA==/pdf
2021_159_2,https://wb2server.congreso.gob.pe/spley-portal-service//archivo/OTYzMg==/pdf
2021_160_1,https://wb2server.congreso.gob.pe/spley-portal-service//archivo/NTE4MTE=/pdf
2021_161_1,https://wb2server.congreso.gob.pe/spley-portal-service//archivo/MjA3NzI3/pdf
2021_161_2,https://wb2server.congreso.gob.pe/spley-portal-service//archivo/MjA3NzI2/pdf
2021_163_1,https://wb2server.congreso.gob.pe/spley-portal-service//archivo/MzE3ODY=/pdf
2021_163_2,https://wb2server.congreso.gob.pe/spley-portal-service//archivo/MzE3OTE=/pdf
2021_163_3,https://wb2server.congreso.gob.pe/spley-portal-service//archivo/NTczMzM=/pdf
2021_164_1,https://wb2server.congreso.gob.pe/spley-portal-service//archivo/MjQ2Mzc=/pdf
2021_164_2,https://wb2server.congreso.gob.pe/spley-portal-service//archivo/MjQ2MzU=/pdf
2021_164_3,https://wb2server.congreso.gob.pe/spley-portal-service//archivo/NTE4OTI=/pdf
2021_164_4,https://wb2server.congreso.gob.pe/spley-portal-service//archivo/MTQzNTY=/pdf
2021_165_1,https://wb2server.congreso.gob.pe/spley-portal-service//archivo/MjQzNjg=/pdf
2021_165_2,https://wb2server.congreso.gob.pe/spley-portal-service//archivo/MjQzNjk=/pdf
2021_167_1,https://wb2server.congreso.gob.pe/spley-portal-service//archivo/MTYxODA=/pdf
2021_167_2,https://wb2server.congreso.gob.pe/spley-portal-service//archivo/NTg1Ng==/pdf
2021_168_1,https://wb2server.congreso.gob.pe/spley-portal-service//archivo/NDMzNjg=/pdf
2021_168_2,https://wb2server.congreso.gob.pe/spley-portal-service//archivo/NDMzNzU=/pdf
2021_169_1,https://wb2server.congreso.gob.pe/spley-portal-service//archivo/MTkxODA=/pdf
2021_169_2,https://wb2server.congreso.gob.pe/spley-portal-service//archivo/MTkxODI=/pdf
2021_170_1,https://wb2server.congreso.gob.pe/spley-portal-service//archivo/MTU4OTc=/pdf
2021_170_2,https://wb2server.congreso.gob.pe/spley-portal-service//archivo/NDk2MzI=/pdf
2021_170_3,https://wb2server.congreso.gob.pe/spley-portal-service//archivo/NDk2MDU=/pdf
2021_171_1,https://wb2server.congreso.gob.pe/spley-portal-service//archivo/MzE3MzE=/pdf
2021_171_2,https://wb2server.congreso.gob.pe/spley-portal-service//archivo/MzE3MzM=/pdf
2021_171_3,https://wb2server.congreso.gob.pe/spley-portal-service//archivo/NDY3NTk=/pdf
2021_173_1,https://wb2server.congreso.gob.pe/spley-portal-service//archivo/NTUwOTY=/pdf
2021_173_2,https://wb2server.congreso.gob.pe/spley-portal-service//archivo/NTUwOTI=/pdf
2021_175_1,https://wb2server.congreso.gob.pe/spley-portal-service//archivo/MTAzNzM3/pdf
2021_175_2,https://wb2server.congreso.gob.pe/spley-portal-service//archivo/MTAzNzMy/pdf
2021_175_3,https://wb2server.congreso.gob.pe/spley-portal-service//archivo/MTAzNzI2/pdf
2021_175_4,https://wb2server.congreso.gob.pe/spley-portal-service//archivo/MTAzNjIy/pdf
2021_175_5,https://wb2server.congreso.gob.pe/spley-portal-service//archivo/MTAzNjEz/pdf
2021_176_1,https://wb2server.congreso.gob.pe/spley-portal-service//archivo/MTIyODY=/pdf
2021_176_2,https://wb2server.congreso.gob.pe/spley-portal-service//archivo/MTIyODc=/pdf
2021_177_1,https://wb2server.congreso.gob.pe/spley-portal-service//archivo/NTI5OTc=/pdf
2021_177_2,https://wb2server.congreso.gob.pe/spley-portal-service//archivo/NTI5OTg=/pdf
2021_177_3,https://wb2server.congreso.gob.pe/spley-portal-service//archivo/Nzk5MzQ=/pdf
2021_178_1,https://wb2server.congreso.gob.pe/spley-portal-service//archivo/NTUxMTE=/pdf
2021_180_1,https://wb2server.congreso.gob.pe/spley-portal-service//archivo/MjQ2OTM0/pdf
2021_184_1,https://wb2server.congreso.gob.pe/spley-portal-service//archivo/MjQ2MDM=/pdf
2021_184_2,https://wb2server.congreso.gob.pe/spley-portal-service//archivo/MjQ1OTg=/pdf
2021_184_3,https://wb2server.congreso.gob.pe/spley-portal-service//archivo/MjQ1OTY=/pdf
2021_184_4,https://wb2server.congreso.gob.pe/spley-portal-service//archivo/MTU5MTY=/pdf
2021_185_1,https://wb2server.congreso.gob.pe/spley-portal-service//archivo/NTg1OQ==/pdf
2021_185_2,https://wb2server.congreso.gob.pe/spley-portal-service//archivo/NTg2MA==/pdf
2021_185_3,https://wb2server.congreso.gob.pe/spley-portal-service//archivo/NTcwMQ==/pdf
2021_186_1,https://wb2server.congreso.gob.pe/spley-portal-service//archivo/NTg2Mg==/pdf
2021_189_1,https://wb2server.congreso.gob.pe/spley-portal-service//archivo/NTI4Nzg=/pdf
2021_189_2,https://wb2server.congreso.gob.pe/spley-portal-service//archivo/NTI4Nzc=/pdf
2021_189_3,https://wb2server.congreso.gob.pe/spley-portal-service//archivo/MTQyMjQ=/pdf
2021_190_1,https://wb2server.congreso.gob.pe/spley-portal-service//archivo/NTMyMzk=/pdf
2021_190_2,https://wb2server.congreso.gob.pe/spley-portal-service//archivo/NTMyMTI=/pdf
2021_191_1,https://wb2server.congreso.gob.pe/spley-portal-service//archivo/MjAzMg==/pdf
2021_191_2,https://wb2server.congreso.gob.pe/spley-portal-service//archivo/MjAzNQ==/pdf
2021_192_1,https://wb2server.congreso.gob.pe/spley-portal-service//archivo/NDg0NjQ=/pdf
2021_192_2,https://wb2server.congreso.gob.pe/spley-portal-service//archivo/NDg0NDg=/pdf
2021_195_1,https://wb2server.congreso.gob.pe/spley-portal-service//archivo/MjAzMw==/pdf
2021_195_2,https://wb2server.congreso.gob.pe/spley-portal-service//archivo/MjAzNg==/pdf
2021_196_1,https://wb2server.congreso.gob.pe/spley-portal-service//archivo/MzE3NzI=/pdf
2021_196_2,https://wb2server.congreso.gob.pe/spley-portal-service//archivo/MzE3NzU=/pdf
2021_196_3,https://wb2server.congreso.gob.pe/spley-portal-service//archivo/NTczOTQ=/pdf
2021_197_1,https://wb2server.congreso.gob.pe/spley-portal-service//archivo/MjU1NjU=/pdf
2021_197_2,https://wb2server.congreso.gob.pe/spley-portal-service//archivo/MjU1NjY=/pdf
2021_197_3,https://wb2server.congreso.gob.pe/spley-portal-service//archivo/MzE4MTM=/pdf
2021_198_1,https://wb2server.congreso.gob.pe/spley-portal-service//archivo/ODgyNA==/pdf
2021_198_2,https://wb2server.congreso.gob.pe/spley-portal-service//archivo/ODgyNg==/pdf
2021_198_3,https://wb2server.congreso.gob.pe/spley-portal-service//archivo/NDA3NzM=/pdf
2021_202_1,https://wb2server.congreso.gob.pe/spley-portal-service//archivo/MTkxODQ=/pdf
2021_202_2,https://wb2server.congreso.gob.pe/spley-portal-service//archivo/MTkxODY=/pdf
2021_203_1,https://wb2server.congreso.gob.pe/spley-portal-service//archivo/MjAzNA==/pdf
2021_203_2,https://wb2server.congreso.gob.pe/spley-portal-service//archivo/MjAzNw==/pdf
2021_204_1,https://wb2server.congreso.gob.pe/spley-portal-service//archivo/MTQ1NDQ5/pdf
2021_206_1,https://wb2server.congreso.gob.pe/spley-portal-service//archivo/NzE4NDE=/pdf
2021_206_2,https://wb2server.congreso.gob.pe/spley-portal-service//archivo/NzE4NDc=/pdf
2021_207_1,https://wb2server.congreso.gob.pe/spley-portal-service//archivo/NDg0NjY=/pdf
2021_207_2,https://wb2server.congreso.gob.pe/spley-portal-service//archivo/NDg0NTA=/pdf
2021_210_1,https://wb2server.congreso.gob.pe/spley-portal-service//archivo/NTQ2NTQ=/pdf
2021_211_1,https://wb2server.congreso.gob.pe/spley-portal-service//archivo/NTQ2NTU=/pdf
2021_217_1,https://wb2server.congreso.gob.pe/spley-portal-service//archivo/NjY0MA==/pdf
2021_219_1,https://wb2server.congreso.gob.pe/spley-portal-service//archivo/NjYzOA==/pdf
2021_222_1,https://wb2server.congreso.gob.pe/spley-portal-service//archivo/MTM3ODE=/pdf
2021_223_1,https://wb2server.congreso.gob.pe/spley-portal-service//archivo/NDg1NDI=/pdf
2021_225_1,https://wb2server.congreso.gob.pe/spley-portal-service//archivo/NjYzOQ==/pdf
2021_226_1,https://wb2server.congreso.gob.pe/spley-portal-service//archivo/MTM4NDY=/pdf
2021_227_1,https://wb2server.congreso.gob.pe/spley-portal-service//archivo/NDc0ODU=/pdf
2021_228_1,https://wb2server.congreso.gob.pe/spley-portal-service//archivo/MjQ2NTk=/pdf
2021_229_1,https://wb2server.congreso.gob.pe/spley-portal-service//archivo/MTQzODc=/pdf
2021_230_1,https://wb2server.congreso.gob.pe/spley-portal-service//archivo/MjQwOTk=/pdf
2021_231_1,https://wb2server.congreso.gob.pe/spley-portal-service//archivo/MjU4ODQ=/pdf
2021_232_1,https://wb2server.congreso.gob.pe/spley-portal-service//archivo/NDg4NDY=/pdf
2021_233_1,https://wb2server.congreso.gob.pe/spley-portal-service//archivo/NTUyNzU=/pdf
2021_234_1,https://wb2server.congreso.gob.pe/spley-portal-service//archivo/MjQ5NTg=/pdf
2021_235_1,https://wb2server.congreso.gob.pe/spley-portal-service//archivo/MjQ2NTA=/pdf
2021_236_1,https://wb2server.congreso.gob.pe/spley-portal-service//archivo/NDA3ODY=/pdf
2021_236_2,https://wb2server.congreso.gob.pe/spley-portal-service//archivo/NDA3OTQ=/pdf
2021_236_3,https://wb2server.congreso.gob.pe/spley-portal-service//archivo/MTM5OTg5/pdf
2021_238_1,https://wb2server.congreso.gob.pe/spley-portal-service//archivo/NTUzMTg=/pdf
2021_240_1,https://wb2server.congreso.gob.pe/spley-portal-service//archivo/OTY1NQ==/pdf
2021_241_1,https://wb2server.congreso.gob.pe/spley-portal-service//archivo/OTY1Ng==/pdf
2021_242_1,https://wb2server.congreso.gob.pe/spley-portal-service//archivo/OTY1Nw==/pdf
2021_243_1,https://wb2server.congreso.gob.pe/spley-portal-service//archivo/NDgxMjI=/pdf
2021_244_1,https://wb2server.congreso.gob.pe/spley-portal-service//archivo/MTgxOTA=/pdf
2021_245_1,https://wb2server.congreso.gob.pe/spley-portal-service//archivo/MTM3Nzg=/pdf
2021_246_1,https://wb2server.congreso.gob.pe/spley-portal-service//archivo/OTY1OA==/pdf
2021_247_1,https://wb2server.congreso.gob.pe/spley-portal-service//archivo/MTM3Nzk=/pdf
2021_249_1,https://wb2server.congreso.gob.pe/spley-portal-service//archivo/MTM4NDU=/pdf
2021_250_1,https://wb2server.congreso.gob.pe/spley-portal-service//archivo/ODgyOA==/pdf
2021_251_1,https://wb2server.congreso.gob.pe/spley-portal-service//archivo/OTY1OQ==/pdf
2021_252_1,https://wb2server.congreso.gob.pe/spley-portal-service//archivo/MTQzOTA=/pdf
2021_253_1,https://wb2server.congreso.gob.pe/spley-portal-service//archivo/ODgyNw==/pdf
2021_254_1,https://wb2server.congreso.gob.pe/spley-portal-service//archivo/MjA2NQ==/pdf
2021_255_1,https://wb2server.congreso.gob.pe/spley-portal-service//archivo/MzQyNzM=/pdf
2021_255_2,https://wb2server.congreso.gob.pe/spley-portal-service//archivo/MzQyNzk=/pdf
2021_255_3,https://wb2server.congreso.gob.pe/spley-portal-service//archivo/MzQyNzY=/pdf
2021_256_1,https://wb2server.congreso.gob.pe/spley-portal-service//archivo/NDE1NTE=/pdf
2021_256_2,https://wb2server.congreso.gob.pe/spley-portal-service//archivo/NDE1NDg=/pdf
2021_259_1,https://wb2server.congreso.gob.pe/spley-portal-service//archivo/MjU4Mjk=/pdf
2021_259_2,https://wb2server.congreso.gob.pe/spley-portal-service//archivo/MjU4Mjc=/pdf
2021_259_3,https://wb2server.congreso.gob.pe/spley-portal-service//archivo/MjQzNzA=/pdf
2021_260_1,https://wb2server.congreso.gob.pe/spley-portal-service//archivo/MjYxNTE0/pdf
2021_260_2,https://wb2server.congreso.gob.pe/spley-portal-service//archivo/MjYxNTEz/pdf
2021_262_1,https://wb2server.congreso.gob.pe/spley-portal-service//archivo/NTMxMTU=/pdf
2021_262_2,https://wb2server.congreso.gob.pe/spley-portal-service//archivo/MjUxMzU5/pdf
2021_266_1,https://wb2server.congreso.gob.pe/spley-portal-service//archivo/MjQzNjY=/pdf
2021_266_2,https://wb2server.congreso.gob.pe/spley-portal-service//archivo/MjQzNjc=/pdf
2021_267_1,https://wb2server.congreso.gob.pe/spley-portal-service//archivo/NTYzMDA=/pdf
2021_267_2,https://wb2server.congreso.gob.pe/spley-portal-service//archivo/NTYzMTM=/pdf
2021_268_1,https://wb2server.congreso.gob.pe/spley-portal-service//archivo/MTU4OTg=/pdf
2021_268_2,https://wb2server.congreso.gob.pe/spley-portal-service//archivo/NDk2MzQ=/pdf
2021_268_3,https://wb2server.congreso.gob.pe/spley-portal-service//archivo/NDk2MDc=/pdf
2021_271_1,https://wb2server.congreso.gob.pe/spley-portal-service//archivo/MzY3MzE=/pdf
2021_271_2,https://wb2server.congreso.gob.pe/spley-portal-service//archivo/MzY3MTA=/pdf
2021_271_3,https://wb2server.congreso.gob.pe/spley-portal-service//archivo/MTQ1ODU4/pdf
2021_271_4,https://wb2server.congreso.gob.pe/spley-portal-service//archivo/MTQ1ODQ4/pdf
2021_271_5,https://wb2server.congreso.gob.pe/spley-portal-service//archivo/MTQ3NjMw/pdf
2021_271_6,https://wb2server.congreso.gob.pe/spley-portal-service//archivo/MTY0NjQ0/pdf
2021_271_7,https://wb2server.congreso.gob.pe/spley-portal-service//archivo/MTg4NTkx/pdf
2021_271_8,https://wb2server.congreso.gob.pe/spley-portal-service//archivo/MTg4NjM4/pdf
2021_271_9,https://wb2server.congreso.gob.pe/spley-portal-service//archivo/MTg4NjU1/pdf
2021_271_10,https://wb2server.congreso.gob.pe/spley-portal-service//archivo/MTk4OTI1/pdf
2021_271_11,https://wb2server.congreso.gob.pe/spley-portal-service//archivo/MjgzMTg0/pdf
2021_273_1,https://wb2server.congreso.gob.pe/spley-portal-service//archivo/NTcxMA==/pdf
2021_273_2,https://wb2server.congreso.gob.pe/spley-portal-service//archivo/NDc1MjQ=/pdf
2021_276_1,https://wb2server.congreso.gob.pe/spley-portal-service//archivo/NTQ2ODE=/pdf
2021_276_2,https://wb2server.congreso.gob.pe/spley-portal-service//archivo/NzA0MjQ=/pdf
2021_278_1,https://wb2server.congreso.gob.pe/spley-portal-service//archivo/MTU4OTk=/pdf
2021_278_2,https://wb2server.congreso.gob.pe/spley-portal-service//archivo/NDk2MzY=/pdf
2021_278_3,https://wb2server.congreso.gob.pe/spley-portal-service//archivo/NDk2MDk=/pdf
2021_280_1,https://wb2server.congreso.gob.pe/spley-portal-service//archivo/NDg0Njg=/pdf
2021_280_2,https://wb2server.congreso.gob.pe/spley-portal-service//archivo/NDg0NTI=/pdf
2021_283_1,https://wb2server.congreso.gob.pe/spley-portal-service//archivo/MzAyMjY=/pdf
2021_283_2,https://wb2server.congreso.gob.pe/spley-portal-service//archivo/MzAyMjc=/pdf
2021_284_1,https://wb2server.congreso.gob.pe/spley-portal-service//archivo/NjIxNDQ=/pdf
2021_284_2,https://wb2server.congreso.gob.pe/spley-portal-service//archivo/NjIxNDI=/pdf
2021_285_1,https://wb2server.congreso.gob.pe/spley-portal-service//archivo/NTQ5ODU=/pdf
2021_286_1,https://wb2server.congreso.gob.pe/spley-portal-service//archivo/NTg2NQ==/pdf
2021_286_2,https://wb2server.congreso.gob.pe/spley-portal-service//archivo/NTg2Ng==/pdf
2021_287_1,https://wb2server.congreso.gob.pe/spley-portal-service//archivo/NTMyNDA=/pdf
2021_287_2,https://wb2server.congreso.gob.pe/spley-portal-service//archivo/NTMyMTM=/pdf
2021_288_1,https://wb2server.congreso.gob.pe/spley-portal-service//archivo/NTE4MTI=/pdf
2021_289_1,https://wb2server.congreso.gob.pe/spley-portal-service//archivo/NTE5Njk=/pdf
2021_291_1,https://wb2server.congreso.gob.pe/spley-portal-service//archivo/Njc4MjE=/pdf
2021_291_2,https://wb2server.congreso.gob.pe/spley-portal-service//archivo/Njc4MTQ=/pdf
2021_291_3,https://wb2server.congreso.gob.pe/spley-portal-service//archivo/MTM3NDA4/pdf
2021_293_1,https://wb2server.congreso.gob.pe/spley-portal-service//archivo/MjQ3NDQx/pdf
2021_293_2,https://wb2server.congreso.gob.pe/spley-portal-service//archivo/MjQ3NDQz/pdf
2021_293_3,https://wb2server.congreso.gob.pe/spley-portal-service//archivo/MjQ3NDQ1/pdf
2021_293_4,https://wb2server.congreso.gob.pe/spley-portal-service//archivo/MjQ3NDQ4/pdf
2021_293_5,https://wb2server.congreso.gob.pe/spley-portal-service//archivo/MjYxNjcz/pdf
2021_293_6,https://wb2server.congreso.gob.pe/spley-portal-service//archivo/Mjg1Nzkx/pdf
2021_293_7,https://wb2server.congreso.gob.pe/spley-portal-service//archivo/Mjg1Nzkz/pdf
2021_295_1,https://wb2server.congreso.gob.pe/spley-portal-service//archivo/NTE4MTM=/pdf
2021_296_1,https://wb2server.congreso.gob.pe/spley-portal-service//archivo/NTg3MQ==/pdf
2021_296_2,https://wb2server.congreso.gob.pe/spley-portal-service//archivo/NTg2Nw==/pdf
2021_296_3,https://wb2server.congreso.gob.pe/spley-portal-service//archivo/NTg2OA==/pdf
2021_296_4,https://wb2server.congreso.gob.pe/spley-portal-service//archivo/NTg3MA==/pdf
2021_296_5,https://wb2server.congreso.gob.pe/spley-portal-service//archivo/NTg3NQ==/pdf
2021_296_6,https://wb2server.congreso.gob.pe/spley-portal-service//archivo/NTg2OQ==/pdf
2021_296_7,https://wb2server.congreso.gob.pe/spley-portal-service//archivo/NTg4NA==/pdf
2021_296_8,https://wb2server.congreso.gob.pe/spley-portal-service//archivo/NTg3Mg==/pdf
2021_297_1,https://wb2server.congreso.gob.pe/spley-portal-service//archivo/MTM4MzQ=/pdf
2021_297_2,https://wb2server.congreso.gob.pe/spley-portal-service//archivo/MTM4MzU=/pdf
2021_297_3,https://wb2server.congreso.gob.pe/spley-portal-service//archivo/MTM4MzY=/pdf
2021_297_4,https://wb2server.congreso.gob.pe/spley-portal-service//archivo/MTIyOTI=/pdf
2021_298_1,https://wb2server.congreso.gob.pe/spley-portal-service//archivo/MjQxNTU=/pdf
2021_298_2,https://wb2server.congreso.gob.pe/spley-portal-service//archivo/MjQxNTQ=/pdf
2021_299_1,https://wb2server.congreso.gob.pe/spley-portal-service//archivo/MTM4MjY=/pdf
2021_299_2,https://wb2server.congreso.gob.pe/spley-portal-service//archivo/MTM4Mjg=/pdf
2021_300_1,https://wb2server.congreso.gob.pe/spley-portal-service//archivo/NTM4MzE=/pdf
2021_300_2,https://wb2server.congreso.gob.pe/spley-portal-service//archivo/NTM4MzA=/pdf
2021_300_3,https://wb2server.congreso.gob.pe/spley-portal-service//archivo/MjU4OTY=/pdf
2021_300_4,https://wb2server.congreso.gob.pe/spley-portal-service//archivo/MTkyMzY=/pdf
2021_302_1,https://wb2server.congreso.gob.pe/spley-portal-service//archivo/NDA4NjA=/pdf
2021_302_2,https://wb2server.congreso.gob.pe/spley-portal-service//archivo/NDA4NjM=/pdf
2021_303_1,https://wb2server.congreso.gob.pe/spley-portal-service//archivo/MjYxOTg0/pdf
2021_303_2,https://wb2server.congreso.gob.pe/spley-portal-service//archivo/MjYxOTcx/pdf
2021_307_1,https://wb2server.congreso.gob.pe/spley-portal-service//archivo/MTcwMTk=/pdf
2021_307_2,https://wb2server.congreso.gob.pe/spley-portal-service//archivo/OTY3Nw==/pdf
2021_307_3,https://wb2server.congreso.gob.pe/spley-portal-service//archivo/OTY4Mw==/pdf
2021_308_1,https://wb2server.congreso.gob.pe/spley-portal-service//archivo/MTcwMjA=/pdf
2021_308_2,https://wb2server.congreso.gob.pe/spley-portal-service//archivo/OTY3OA==/pdf
2021_308_3,https://wb2server.congreso.gob.pe/spley-portal-service//archivo/OTY4NA==/pdf
2021_309_1,https://wb2server.congreso.gob.pe/spley-portal-service//archivo/MTcwMjE=/pdf
2021_309_2,https://wb2server.congreso.gob.pe/spley-portal-service//archivo/OTY3OQ==/pdf
2021_309_3,https://wb2server.congreso.gob.pe/spley-portal-service//archivo/OTY4NQ==/pdf
2021_310_1,https://wb2server.congreso.gob.pe/spley-portal-service//archivo/MTcwMjI=/pdf
2021_310_2,https://wb2server.congreso.gob.pe/spley-portal-service//archivo/OTY4MA==/pdf
2021_310_3,https://wb2server.congreso.gob.pe/spley-portal-service//archivo/OTY4Ng==/pdf
2021_311_1,https://wb2server.congreso.gob.pe/spley-portal-service//archivo/MTcwMjM=/pdf
2021_311_2,https://wb2server.congreso.gob.pe/spley-portal-service//archivo/OTY4MQ==/pdf
2021_311_3,https://wb2server.congreso.gob.pe/spley-portal-service//archivo/OTY4Nw==/pdf
2021_313_1,https://wb2server.congreso.gob.pe/spley-portal-service//archivo/MTAwNDQz/pdf
2021_313_2,https://wb2server.congreso.gob.pe/spley-portal-service//archivo/MTU3Mzc0/pdf
2021_313_3,https://wb2server.congreso.gob.pe/spley-portal-service//archivo/MTU3MzY1/pdf
2021_314_1,https://wb2server.congreso.gob.pe/spley-portal-service//archivo/ODgzNQ==/pdf
2021_314_2,https://wb2server.congreso.gob.pe/spley-portal-service//archivo/ODgzNw==/pdf
2021_315_1,https://wb2server.congreso.gob.pe/spley-portal-service//archivo/MTY4MjI=/pdf
2021_315_2,https://wb2server.congreso.gob.pe/spley-portal-service//archivo/NDc1MjU=/pdf
2021_319_1,https://wb2server.congreso.gob.pe/spley-portal-service//archivo/MjQwMDY=/pdf
2021_319_2,https://wb2server.congreso.gob.pe/spley-portal-service//archivo/MjQwMDc=/pdf
2021_323_1,https://wb2server.congreso.gob.pe/spley-portal-service//archivo/MzE3OTg=/pdf
2021_323_2,https://wb2server.congreso.gob.pe/spley-portal-service//archivo/MzE3OTk=/pdf
2021_323_3,https://wb2server.congreso.gob.pe/spley-portal-service//archivo/NzA0NTA=/pdf
2021_327_1,https://wb2server.congreso.gob.pe/spley-portal-service//archivo/MjU4NzA=/pdf
2021_327_2,https://wb2server.congreso.gob.pe/spley-portal-service//archivo/MjU4NTc=/pdf
2021_327_3,https://wb2server.congreso.gob.pe/spley-portal-service//archivo/NTQxMDk=/pdf
2021_329_1,https://wb2server.congreso.gob.pe/spley-portal-service//archivo/NzAyOTM=/pdf
2021_329_2,https://wb2server.congreso.gob.pe/spley-portal-service//archivo/NzAzMDQ=/pdf
2021_329_3,https://wb2server.congreso.gob.pe/spley-portal-service//archivo/NzAzMTU=/pdf
2021_329_4,https://wb2server.congreso.gob.pe/spley-portal-service//archivo/NzAzMjc=/pdf
2021_329_5,https://wb2server.congreso.gob.pe/spley-portal-service//archivo/NzE4NzA=/pdf
2021_329_6,https://wb2server.congreso.gob.pe/spley-portal-service//archivo/NzkwNzM=/pdf
2021_331_1,https://wb2server.congreso.gob.pe/spley-portal-service//archivo/NjYzMg==/pdf
2021_331_3,https://wb2server.congreso.gob.pe/spley-portal-service//archivo/NDcwNDM=/pdf
2021_332_1,https://wb2server.congreso.gob.pe/spley-portal-service//archivo/OTkzMDE=/pdf
2021_332_2,https://wb2server.congreso.gob.pe/spley-portal-service//archivo/MTI1ODI5/pdf
2021_332_3,https://wb2server.congreso.gob.pe/spley-portal-service//archivo/MTI1ODE5/pdf
2021_336_1,https://wb2server.congreso.gob.pe/spley-portal-service//archivo/NDEzNDU=/pdf
2021_336_2,https://wb2server.congreso.gob.pe/spley-portal-service//archivo/NDEzMzQ=/pdf
2021_336_3,https://wb2server.congreso.gob.pe/spley-portal-service//archivo/NjU0NjU=/pdf
2021_337_1,https://wb2server.congreso.gob.pe/spley-portal-service//archivo/NTM2MTc=/pdf
2021_337_2,https://wb2server.congreso.gob.pe/spley-portal-service//archivo/NTM2MDg=/pdf
2021_337_3,https://wb2server.congreso.gob.pe/spley-portal-service//archivo/NTM1OTQ=/pdf
2021_340_1,https://wb2server.congreso.gob.pe/spley-portal-service//archivo/MTQ1NzEy/pdf
2021_342_1,https://wb2server.congreso.gob.pe/spley-portal-service//archivo/NDEzNTQ=/pdf
2021_342_2,https://wb2server.congreso.gob.pe/spley-portal-service//archivo/NDEzNDM=/pdf
2021_342_3,https://wb2server.congreso.gob.pe/spley-portal-service//archivo/NzE1NTE=/pdf
2021_343_1,https://wb2server.congreso.gob.pe/spley-portal-service//archivo/MzY3MzM=/pdf
2021_343_2,https://wb2server.congreso.gob.pe/spley-portal-service//archivo/MzY3MTI=/pdf
2021_343_3,https://wb2server.congreso.gob.pe/spley-portal-service//archivo/MTQ1ODU5/pdf
2021_343_4,https://wb2server.congreso.gob.pe/spley-portal-service//archivo/MTQ1ODQ5/pdf
2021_343_5,https://wb2server.congreso.gob.pe/spley-portal-service//archivo/MTQ3NjMx/pdf
2021_343_6,https://wb2server.congreso.gob.pe/spley-portal-service//archivo/MTQ3NjQ2/pdf
2021_343_7,https://wb2server.congreso.gob.pe/spley-portal-service//archivo/MjYyNjk2/pdf
2021_343_8,https://wb2server.congreso.gob.pe/spley-portal-service//archivo/MTk5MDYx/pdf
2021_343_9,https://wb2server.congreso.gob.pe/spley-portal-service//archivo/MjYyNjg1/pdf
2021_343_10,https://wb2server.congreso.gob.pe/spley-portal-service//archivo/Mjg3NTA3/pdf
2021_344_1,https://wb2server.congreso.gob.pe/spley-portal-service//archivo/MTk2NjQ5/pdf
2021_344_2,https://wb2server.congreso.gob.pe/spley-portal-service//archivo/MTk4NzA3/pdf
2021_345_1,https://wb2server.congreso.gob.pe/spley-portal-service//archivo/NTMyNDE=/pdf
2021_345_2,https://wb2server.congreso.gob.pe/spley-portal-service//archivo/NTMyMTQ=/pdf
2021_348_1,https://wb2server.congreso.gob.pe/spley-portal-service//archivo/ODgyMA==/pdf
2021_348_2,https://wb2server.congreso.gob.pe/spley-portal-service//archivo/ODgyMQ==/pdf
2021_349_1,https://wb2server.congreso.gob.pe/spley-portal-service//archivo/Mjk3NTY=/pdf
2021_349_2,https://wb2server.congreso.gob.pe/spley-portal-service//archivo/Mjk3MjY=/pdf
2021_351_1,https://wb2server.congreso.gob.pe/spley-portal-service//archivo/MTY5MTc=/pdf
2021_351_2,https://wb2server.congreso.gob.pe/spley-portal-service//archivo/ODgzOA==/pdf
2021_352_1,https://wb2server.congreso.gob.pe/spley-portal-service//archivo/NTkwMDI=/pdf
2021_352_2,https://wb2server.congreso.gob.pe/spley-portal-service//archivo/NTkwMDE=/pdf
2021_352_3,https://wb2server.congreso.gob.pe/spley-portal-service//archivo/MTM4Nzgy/pdf
2021_352_4,https://wb2server.congreso.gob.pe/spley-portal-service//archivo/MTU3MTU2/pdf
2021_354_1,https://wb2server.congreso.gob.pe/spley-portal-service//archivo/MzQ4MTc=/pdf
2021_354_2,https://wb2server.congreso.gob.pe/spley-portal-service//archivo/NDg5NzY=/pdf
2021_354_3,https://wb2server.congreso.gob.pe/spley-portal-service//archivo/NTMxMjA=/pdf
2021_356_1,https://wb2server.congreso.gob.pe/spley-portal-service//archivo/NTQ2NzY=/pdf
2021_356_2,https://wb2server.congreso.gob.pe/spley-portal-service//archivo/NjQyNjc=/pdf
2021_358_1,https://wb2server.congreso.gob.pe/spley-portal-service//archivo/NDE1MjU=/pdf
2021_358_2,https://wb2server.congreso.gob.pe/spley-portal-service//archivo/NTEwNTg=/pdf
2021_360_1,https://wb2server.congreso.gob.pe/spley-portal-service//archivo/MTQzNDE=/pdf
2021_360_2,https://wb2server.congreso.gob.pe/spley-portal-service//archivo/MTQzNDQ=/pdf
2021_361_1,https://wb2server.congreso.gob.pe/spley-portal-service//archivo/NDg5NjE=/pdf
2021_361_2,https://wb2server.congreso.gob.pe/spley-portal-service//archivo/NDg5NTg=/pdf
2021_365_1,https://wb2server.congreso.gob.pe/spley-portal-service//archivo/MTY5MTIw/pdf
2021_365_2,https://wb2server.congreso.gob.pe/spley-portal-service//archivo/MTY5MTMx/pdf
2021_371_1,https://wb2server.congreso.gob.pe/spley-portal-service//archivo/NTI4NDA=/pdf
2021_374_1,https://wb2server.congreso.gob.pe/spley-portal-service//archivo/MTQwMjgz/pdf
2021_374_2,https://wb2server.congreso.gob.pe/spley-portal-service//archivo/MTQwMjgw/pdf
2021_374_3,https://wb2server.congreso.gob.pe/spley-portal-service//archivo/MTQwMjYx/pdf
2021_375_1,https://wb2server.congreso.gob.pe/spley-portal-service//archivo/NTMyNDI=/pdf
2021_375_2,https://wb2server.congreso.gob.pe/spley-portal-service//archivo/NTMyMTU=/pdf
2021_376_1,https://wb2server.congreso.gob.pe/spley-portal-service//archivo/NTMyNDM=/pdf
2021_376_2,https://wb2server.congreso.gob.pe/spley-portal-service//archivo/NTMyMTY=/pdf
2021_377_1,https://wb2server.congreso.gob.pe/spley-portal-service//archivo/NTMyNDQ=/pdf
2021_377_2,https://wb2server.congreso.gob.pe/spley-portal-service//archivo/NTMyMTc=/pdf
2021_378_1,https://wb2server.congreso.gob.pe/spley-portal-service//archivo/NTMyNDU=/pdf
2021_378_2,https://wb2server.congreso.gob.pe/spley-portal-service//archivo/NTMyMTg=/pdf
2021_379_1,https://wb2server.congreso.gob.pe/spley-portal-service//archivo/NTMyNDY=/pdf
2021_379_2,https://wb2server.congreso.gob.pe/spley-portal-service//archivo/NTMyMTk=/pdf
2021_380_1,https://wb2server.congreso.gob.pe/spley-portal-service//archivo/MjM2NTg=/pdf
2021_380_2,https://wb2server.congreso.gob.pe/spley-portal-service//archivo/MjM2NTk=/pdf
2021_380_3,https://wb2server.congreso.gob.pe/spley-portal-service//archivo/MzAzMTI=/pdf
2021_381_1,https://wb2server.congreso.gob.pe/spley-portal-service//archivo/MTY4MjM=/pdf
2021_381_2,https://wb2server.congreso.gob.pe/spley-portal-service//archivo/NDc1MjY=/pdf
2021_385_1,https://wb2server.congreso.gob.pe/spley-portal-service//archivo/OTY5NQ==/pdf
2021_385_2,https://wb2server.congreso.gob.pe/spley-portal-service//archivo/NDc5NTA=/pdf
2021_386_1,https://wb2server.congreso.gob.pe/spley-portal-service//archivo/NDg0NzA=/pdf
2021_386_2,https://wb2server.congreso.gob.pe/spley-portal-service//archivo/NDg0NTQ=/pdf
2021_388_1,https://wb2server.congreso.gob.pe/spley-portal-service//archivo/MTY5MjE=/pdf
2021_388_2,https://wb2server.congreso.gob.pe/spley-portal-service//archivo/MTkxODg=/pdf
2021_388_3,https://wb2server.congreso.gob.pe/spley-portal-service//archivo/MTkxOTI=/pdf
2021_392_1,https://wb2server.congreso.gob.pe/spley-portal-service//archivo/MTg4NzQz/pdf
2021_392_2,https://wb2server.congreso.gob.pe/spley-portal-service//archivo/MTg4ODA3/pdf
2021_394_1,https://wb2server.congreso.gob.pe/spley-portal-service//archivo/NzA0Mjg=/pdf
2021_394_2,https://wb2server.congreso.gob.pe/spley-portal-service//archivo/NzA0MzA=/pdf
2021_395_1,https://wb2server.congreso.gob.pe/spley-portal-service//archivo/MjQ1OTI=/pdf
2021_395_2,https://wb2server.congreso.gob.pe/spley-portal-service//archivo/MjQ1OTE=/pdf
2021_396_1,https://wb2server.congreso.gob.pe/spley-portal-service//archivo/NTMyNDc=/pdf
2021_396_2,https://wb2server.congreso.gob.pe/spley-portal-service//archivo/NTMyMjA=/pdf
2021_397_1,https://wb2server.congreso.gob.pe/spley-portal-service//archivo/MTUzNjI2/pdf
2021_397_2,https://wb2server.congreso.gob.pe/spley-portal-service//archivo/MTUzNjI1/pdf
2021_400_1,https://wb2server.congreso.gob.pe/spley-portal-service//archivo/NTU0MjI=/pdf
2021_400_2,https://wb2server.congreso.gob.pe/spley-portal-service//archivo/MTM1ODY5/pdf
2021_404_1,https://wb2server.congreso.gob.pe/spley-portal-service//archivo/MTM4NTc2/pdf
2021_404_2,https://wb2server.congreso.gob.pe/spley-portal-service//archivo/MTM4NTc1/pdf
2021_405_1,https://wb2server.congreso.gob.pe/spley-portal-service//archivo/MTY4MjQ=/pdf
2021_405_2,https://wb2server.congreso.gob.pe/spley-portal-service//archivo/NDc1Mjc=/pdf
2021_407_1,https://wb2server.congreso.gob.pe/spley-portal-service//archivo/MjcxNTU1/pdf
2021_408_1,https://wb2server.congreso.gob.pe/spley-portal-service//archivo/MjQ2ODMw/pdf
2021_409_1,https://wb2server.congreso.gob.pe/spley-portal-service//archivo/MTkxOTc=/pdf
2021_409_2,https://wb2server.congreso.gob.pe/spley-portal-service//archivo/MTkxOTg=/pdf
2021_410_1,https://wb2server.congreso.gob.pe/spley-portal-service//archivo/Njc4MjM=/pdf
2021_410_2,https://wb2server.congreso.gob.pe/spley-portal-service//archivo/Njc4MTY=/pdf
2021_410_3,https://wb2server.congreso.gob.pe/spley-portal-service//archivo/MTM3NDA5/pdf
2021_411_1,https://wb2server.congreso.gob.pe/spley-portal-service//archivo/NDEzNjg=/pdf
2021_411_2,https://wb2server.congreso.gob.pe/spley-portal-service//archivo/NDEzNjk=/pdf
2021_412_1,https://wb2server.congreso.gob.pe/spley-portal-service//archivo/Mjk4ODg=/pdf
2021_412_2,https://wb2server.congreso.gob.pe/spley-portal-service//archivo/Mjk4ODk=/pdf
2021_412_3,https://wb2server.congreso.gob.pe/spley-portal-service//archivo/NjM3NzE=/pdf
2021_412_4,https://wb2server.congreso.gob.pe/spley-portal-service//archivo/NjM3NjM=/pdf
2021_412_5,https://wb2server.congreso.gob.pe/spley-portal-service//archivo/NDEwOTI=/pdf
2021_412_6,https://wb2server.congreso.gob.pe/spley-portal-service//archivo/NjM3Njk=/pdf
2021_416_1,https://wb2server.congreso.gob.pe/spley-portal-service//archivo/NTc1MTU=/pdf
2021_416_2,https://wb2server.congreso.gob.pe/spley-portal-service//archivo/NTc1MTI=/pdf
2021_417_1,https://wb2server.congreso.gob.pe/spley-portal-service//archivo/MTgxNzk=/pdf
2021_417_2,https://wb2server.congreso.gob.pe/spley-portal-service//archivo/MjQ2NDU=/pdf
2021_417_3,https://wb2server.congreso.gob.pe/spley-portal-service//archivo/NTQzMzc=/pdf
2021_419_1,https://wb2server.congreso.gob.pe/spley-portal-service//archivo/MTU3NjM1/pdf
2021_419_2,https://wb2server.congreso.gob.pe/spley-portal-service//archivo/MTU3NjI5/pdf
2021_423_1,https://wb2server.congreso.gob.pe/spley-portal-service//archivo/NjIxNDU=/pdf
2021_423_2,https://wb2server.congreso.gob.pe/spley-portal-service//archivo/NjIxNDM=/pdf
2021_424_1,https://wb2server.congreso.gob.pe/spley-portal-service//archivo/OTY0Ng==/pdf
2021_424_2,https://wb2server.congreso.gob.pe/spley-portal-service//archivo/OTY0Nw==/pdf
2021_426_1,https://wb2server.congreso.gob.pe/spley-portal-service//archivo/NTI5MTg=/pdf
2021_426_2,https://wb2server.congreso.gob.pe/spley-portal-service//archivo/NTI5MTY=/pdf
2021_427_1,https://wb2server.congreso.gob.pe/spley-portal-service//archivo/NDk3MzA=/pdf
2021_427_2,https://wb2server.congreso.gob.pe/spley-portal-service//archivo/NDEyOTk=/pdf
2021_427_3,https://wb2server.congreso.gob.pe/spley-portal-service//archivo/MTkxOTM=/pdf
2021_429_1,https://wb2server.congreso.gob.pe/spley-portal-service//archivo/NTM2MTg=/pdf
2021_429_2,https://wb2server.congreso.gob.pe/spley-portal-service//archivo/NTM2MDk=/pdf
2021_429_3,https://wb2server.congreso.gob.pe/spley-portal-service//archivo/NTM1OTU=/pdf
2021_430_1,https://wb2server.congreso.gob.pe/spley-portal-service//archivo/NTQ1OTA=/pdf
2021_430_2,https://wb2server.congreso.gob.pe/spley-portal-service//archivo/NTQ1ODk=/pdf
2021_430_3,https://wb2server.congreso.gob.pe/spley-portal-service//archivo/NTQ1NzI=/pdf
2021_431_1,https://wb2server.congreso.gob.pe/spley-portal-service//archivo/MzM4MzM=/pdf
2021_431_2,https://wb2server.congreso.gob.pe/spley-portal-service//archivo/MzM4MzY=/pdf
2021_432_1,https://wb2server.congreso.gob.pe/spley-portal-service//archivo/NTM2MTk=/pdf
2021_432_2,https://wb2server.congreso.gob.pe/spley-portal-service//archivo/NTM2MTA=/pdf
2021_432_3,https://wb2server.congreso.gob.pe/spley-portal-service//archivo/NTM1OTY=/pdf
2021_433_1,https://wb2server.congreso.gob.pe/spley-portal-service//archivo/OTYzNQ==/pdf
2021_433_2,https://wb2server.congreso.gob.pe/spley-portal-service//archivo/OTY0NA==/pdf
2021_435_1,https://wb2server.congreso.gob.pe/spley-portal-service//archivo/MzE4MTE=/pdf
2021_436_1,https://wb2server.congreso.gob.pe/spley-portal-service//archivo/NDE0MjE=/pdf
2021_436_2,https://wb2server.congreso.gob.pe/spley-portal-service//archivo/NDE0MTE=/pdf
2021_436_3,https://wb2server.congreso.gob.pe/spley-portal-service//archivo/NDE0MDI=/pdf
2021_436_4,https://wb2server.congreso.gob.pe/spley-portal-service//archivo/NDEzOTI=/pdf
2021_436_5,https://wb2server.congreso.gob.pe/spley-portal-service//archivo/NDEzODM=/pdf
2021_436_6,https://wb2server.congreso.gob.pe/spley-portal-service//archivo/NzI2NTk=/pdf
2021_436_7,https://wb2server.congreso.gob.pe/spley-portal-service//archivo/NzI2NTA=/pdf
2021_436_8,https://wb2server.congreso.gob.pe/spley-portal-service//archivo/NzI2NDE=/pdf
2021_437_1,https://wb2server.congreso.gob.pe/spley-portal-service//archivo/Mjk3OTY=/pdf
2021_437_2,https://wb2server.congreso.gob.pe/spley-portal-service//archivo/Mjk4MTU=/pdf
2021_438_1,https://wb2server.congreso.gob.pe/spley-portal-service//archivo/Mjk3OTg=/pdf
2021_438_2,https://wb2server.congreso.gob.pe/spley-portal-service//archivo/Mjk4MTc=/pdf
2021_439_1,https://wb2server.congreso.gob.pe/spley-portal-service//archivo/NDE1NTI=/pdf
2021_439_2,https://wb2server.congreso.gob.pe/spley-portal-service//archivo/NDE1NDk=/pdf
2021_440_1,https://wb2server.congreso.gob.pe/spley-portal-service//archivo/MzE3MjU=/pdf
2021_440_2,https://wb2server.congreso.gob.pe/spley-portal-service//archivo/MzE3MjY=/pdf
2021_441_1,https://wb2server.congreso.gob.pe/spley-portal-service//archivo/Mjk4NTQ=/pdf
2021_441_2,https://wb2server.congreso.gob.pe/spley-portal-service//archivo/Mjk4NTU=/pdf
2021_442_1,https://wb2server.congreso.gob.pe/spley-portal-service//archivo/MjQwODI=/pdf
2021_442_2,https://wb2server.congreso.gob.pe/spley-portal-service//archivo/MjQwODE=/pdf
2021_442_3,https://wb2server.congreso.gob.pe/spley-portal-service//archivo/MjQwODA=/pdf
2021_442_4,https://wb2server.congreso.gob.pe/spley-portal-service//archivo/NDA2Mjk=/pdf
2021_443_1,https://wb2server.congreso.gob.pe/spley-portal-service//archivo/NTM2MjA=/pdf
2021_443_2,https://wb2server.congreso.gob.pe/spley-portal-service//archivo/NTM2MTE=/pdf
2021_443_3,https://wb2server.congreso.gob.pe/spley-portal-service//archivo/NTM1OTc=/pdf
2021_444_1,https://wb2server.congreso.gob.pe/spley-portal-service//archivo/NTM2MjE=/pdf
2021_444_2,https://wb2server.congreso.gob.pe/spley-portal-service//archivo/NTM2MTI=/pdf
2021_444_3,https://wb2server.congreso.gob.pe/spley-portal-service//archivo/NTM1OTg=/pdf
2021_445_1,https://wb2server.congreso.gob.pe/spley-portal-service//archivo/NTM2MjI=/pdf
2021_445_2,https://wb2server.congreso.gob.pe/spley-portal-service//archivo/NTM2MTM=/pdf
2021_445_3,https://wb2server.congreso.gob.pe/spley-portal-service//archivo/NTM1OTk=/pdf
2021_446_1,https://wb2server.congreso.gob.pe/spley-portal-service//archivo/NTM2MjM=/pdf
2021_446_2,https://wb2server.congreso.gob.pe/spley-portal-service//archivo/NTM2MTQ=/pdf
2021_446_3,https://wb2server.congreso.gob.pe/spley-portal-service//archivo/NTM2MDA=/pdf
2021_450_1,https://wb2server.congreso.gob.pe/spley-portal-service//archivo/NTMyNDg=/pdf
2021_450_2,https://wb2server.congreso.gob.pe/spley-portal-service//archivo/NTMyMjE=/pdf
2021_451_1,https://wb2server.congreso.gob.pe/spley-portal-service//archivo/NTMyNDk=/pdf
2021_451_2,https://wb2server.congreso.gob.pe/spley-portal-service//archivo/NTMyMjI=/pdf
2021_452_1,https://wb2server.congreso.gob.pe/spley-portal-service//archivo/NTMyNTA=/pdf
2021_452_2,https://wb2server.congreso.gob.pe/spley-portal-service//archivo/NTMyMjM=/pdf
2021_460_1,https://wb2server.congreso.gob.pe/spley-portal-service//archivo/NTMyNTE=/pdf
2021_460_2,https://wb2server.congreso.gob.pe/spley-portal-service//archivo/NTMyMjQ=/pdf
2021_462_1,https://wb2server.congreso.gob.pe/spley-portal-service//archivo/NjQ2NTc=/pdf
2021_462_2,https://wb2server.congreso.gob.pe/spley-portal-service//archivo/NjQ2NTU=/pdf
2021_463_1,https://wb2server.congreso.gob.pe/spley-portal-service//archivo/MzE3NzM=/pdf
2021_463_2,https://wb2server.congreso.gob.pe/spley-portal-service//archivo/MzE3NzY=/pdf
2021_463_3,https://wb2server.congreso.gob.pe/spley-portal-service//archivo/Njc1NDc=/pdf
2021_464_1,https://wb2server.congreso.gob.pe/spley-portal-service//archivo/MjAzNDY=/pdf
2021_464_2,https://wb2server.congreso.gob.pe/spley-portal-service//archivo/MjAzNDc=/pdf
2021_465_1,https://wb2server.congreso.gob.pe/spley-portal-service//archivo/MTQzODQ=/pdf
2021_466_1,https://wb2server.congreso.gob.pe/spley-portal-service//archivo/MzAyNjE2/pdf
2021_471_1,https://wb2server.congreso.gob.pe/spley-portal-service//archivo/MzAzMjE=/pdf
2021_471_2,https://wb2server.congreso.gob.pe/spley-portal-service//archivo/MzAzMzM=/pdf
2021_472_1,https://wb2server.congreso.gob.pe/spley-portal-service//archivo/NTc1MTY=/pdf
2021_472_2,https://wb2server.congreso.gob.pe/spley-portal-service//archivo/NTc1MTM=/pdf
2021_473_1,https://wb2server.congreso.gob.pe/spley-portal-service//archivo/MTM4MDc=/pdf
2021_473_2,https://wb2server.congreso.gob.pe/spley-portal-service//archivo/NDg1Njg=/pdf
2021_475_1,https://wb2server.congreso.gob.pe/spley-portal-service//archivo/MjQ2OTQy/pdf
2021_478_1,https://wb2server.congreso.gob.pe/spley-portal-service//archivo/MjAyOTU=/pdf
2021_478_2,https://wb2server.congreso.gob.pe/spley-portal-service//archivo/MjAyOTY=/pdf
2021_479_1,https://wb2server.congreso.gob.pe/spley-portal-service//archivo/MzY2MTU=/pdf
2021_479_2,https://wb2server.congreso.gob.pe/spley-portal-service//archivo/MzY2MDY=/pdf
2021_479_3,https://wb2server.congreso.gob.pe/spley-portal-service//archivo/Njc1Nzk=/pdf
2021_481_1,https://wb2server.congreso.gob.pe/spley-portal-service//archivo/NDg0NzI=/pdf
2021_481_2,https://wb2server.congreso.gob.pe/spley-portal-service//archivo/NDg0NTY=/pdf
2021_482_1,https://wb2server.congreso.gob.pe/spley-portal-service//archivo/NDE5NDI=/pdf
2021_482_2,https://wb2server.congreso.gob.pe/spley-portal-service//archivo/NDE5NDE=/pdf
2021_483_1,https://wb2server.congreso.gob.pe/spley-portal-service//archivo/MjQ2NjU=/pdf
2021_483_2,https://wb2server.congreso.gob.pe/spley-portal-service//archivo/MjQ2NjQ=/pdf
2021_483_3,https://wb2server.congreso.gob.pe/spley-portal-service//archivo/NDE5NjE=/pdf
2021_484_1,https://wb2server.congreso.gob.pe/spley-portal-service//archivo/MjIzOTA4/pdf
2021_485_1,https://wb2server.congreso.gob.pe/spley-portal-service//archivo/Mjk4NDQ=/pdf
2021_485_2,https://wb2server.congreso.gob.pe/spley-portal-service//archivo/NDQyNDQ=/pdf
2021_485_3,https://wb2server.congreso.gob.pe/spley-portal-service//archivo/NDQyNDU=/pdf
2021_485_4,https://wb2server.congreso.gob.pe/spley-portal-service//archivo/NjQwMDQ=/pdf
2021_486_1,https://wb2server.congreso.gob.pe/spley-portal-service//archivo/MjQ2Mzg=/pdf
2021_486_2,https://wb2server.congreso.gob.pe/spley-portal-service//archivo/MjQ2MzY=/pdf
2021_486_3,https://wb2server.congreso.gob.pe/spley-portal-service//archivo/NTE4OTE=/pdf
2021_486_4,https://wb2server.congreso.gob.pe/spley-portal-service//archivo/MTQzNTc=/pdf
2021_487_1,https://wb2server.congreso.gob.pe/spley-portal-service//archivo/NDA4NDQ=/pdf
2021_487_2,https://wb2server.congreso.gob.pe/spley-portal-service//archivo/NDA4NDU=/pdf
2021_489_1,https://wb2server.congreso.gob.pe/spley-portal-service//archivo/MTU4Nzgx/pdf
2021_489_2,https://wb2server.congreso.gob.pe/spley-portal-service//archivo/MTU4Nzc2/pdf
2021_489_3,https://wb2server.congreso.gob.pe/spley-portal-service//archivo/MTU4Nzg2/pdf
2021_490_1,https://wb2server.congreso.gob.pe/spley-portal-service//archivo/MjE1MDA4/pdf
2021_491_1,https://wb2server.congreso.gob.pe/spley-portal-service//archivo/MTcwMTY=/pdf
2021_491_2,https://wb2server.congreso.gob.pe/spley-portal-service//archivo/OTY2Nw==/pdf
2021_491_3,https://wb2server.congreso.gob.pe/spley-portal-service//archivo/MTM4MDM=/pdf
2021_491_4,https://wb2server.congreso.gob.pe/spley-portal-service//archivo/MTYwMjk=/pdf
2021_491_5,https://wb2server.congreso.gob.pe/spley-portal-service//archivo/MjAzNzg=/pdf
2021_491_6,https://wb2server.congreso.gob.pe/spley-portal-service//archivo/MjAzODU=/pdf
2021_494_1,https://wb2server.congreso.gob.pe/spley-portal-service//archivo/NTYzMDQ=/pdf
2021_494_2,https://wb2server.congreso.gob.pe/spley-portal-service//archivo/NTYzMTc=/pdf
2021_495_1,https://wb2server.congreso.gob.pe/spley-portal-service//archivo/OTYyOA==/pdf
2021_495_2,https://wb2server.congreso.gob.pe/spley-portal-service//archivo/OTYyOQ==/pdf
2021_497_1,https://wb2server.congreso.gob.pe/spley-portal-service//archivo/NDgzMzU=/pdf
2021_497_2,https://wb2server.congreso.gob.pe/spley-portal-service//archivo/NDgzMzI=/pdf
2021_498_1,https://wb2server.congreso.gob.pe/spley-portal-service//archivo/NTE5MTg=/pdf
2021_498_2,https://wb2server.congreso.gob.pe/spley-portal-service//archivo/NTE5MTU=/pdf
2021_500_2,https://wb2server.congreso.gob.pe/spley-portal-service//archivo/OTUxNTY=/pdf
2021_500_3,https://wb2server.congreso.gob.pe/spley-portal-service//archivo/MTA2NzM2/pdf
2021_500_4,https://wb2server.congreso.gob.pe/spley-portal-service//archivo/OTkyMTQ=/pdf
2021_501_1,https://wb2server.congreso.gob.pe/spley-portal-service//archivo/NzAzNTg=/pdf
2021_501_2,https://wb2server.congreso.gob.pe/spley-portal-service//archivo/NzAzNzU=/pdf
